protocol,horizon,seed,val_acc,full_acc,val_majority,full_majority,overlap_fraction,n_train,n_val
chronological,5,0,0.5561224489795918,0.5526960784313726,0.5744897959183674,0.5339052287581699,0.10612244897959183,3916,980
chronological,5,1,0.4357142857142857,0.5686274509803921,0.5744897959183674,0.5339052287581699,0.10612244897959183,3916,980
chronological,5,2,0.4816326530612245,0.5751633986928104,0.5744897959183674,0.5339052287581699,0.10612244897959183,3916,980
chronological,5,3,0.5448979591836735,0.5557598039215687,0.5744897959183674,0.5339052287581699,0.10612244897959183,3916,980
chronological,5,4,0.5448979591836735,0.5594362745098039,0.5744897959183674,0.5339052287581699,0.10612244897959183,3916,980
chronological,5,5,0.5571428571428572,0.565359477124183,0.5744897959183674,0.5339052287581699,0.10612244897959183,3916,980
chronological,5,6,0.45714285714285713,0.5475898692810458,0.5744897959183674,0.5339052287581699,0.10612244897959183,3916,980
chronological,5,7,0.4520408163265306,0.5676062091503268,0.5744897959183674,0.5339052287581699,0.10612244897959183,3916,980
chronological,5,8,0.5010204081632653,0.5651552287581699,0.5744897959183674,0.5339052287581699,0.10612244897959183,3916,980
chronological,5,9,0.4316326530612245,0.5467728758169934,0.5744897959183674,0.5339052287581699,0.10612244897959183,3916,980
chronological,5,10,0.5295918367346939,0.5386029411764706,0.5744897959183674,0.5339052287581699,0.10612244897959183,3916,980
chronological,5,11,0.5448979591836735,0.5812908496732027,0.5744897959183674,0.5339052287581699,0.10612244897959183,3916,980
chronological,5,12,0.5469387755102041,0.5569852941176471,0.5744897959183674,0.5339052287581699,0.10612244897959183,3916,980
chronological,5,13,0.4520408163265306,0.5565767973856209,0.5744897959183674,0.5339052287581699,0.10612244897959183,3916,980
chronological,5,14,0.5040816326530613,0.5784313725490197,0.5744897959183674,0.5339052287581699,0.10612244897959183,3916,980
chronological,5,15,0.47959183673469385,0.5637254901960784,0.5744897959183674,0.5339052287581699,0.10612244897959183,3916,980
chronological,5,16,0.5265306122448979,0.5845588235294118,0.5744897959183674,0.5339052287581699,0.10612244897959183,3916,980
chronological,5,17,0.5153061224489796,0.5655637254901961,0.5744897959183674,0.5339052287581699,0.10612244897959183,3916,980
chronological,5,18,0.4989795918367347,0.5551470588235294,0.5744897959183674,0.5339052287581699,0.10612244897959183,3916,980
chronological,5,19,0.49795918367346936,0.5337009803921569,0.5744897959183674,0.5339052287581699,0.10612244897959183,3916,980
chronological,10,0,0.3105209397344229,0.5900633817215294,0.4484167517875383,0.388264158658761,0.11133810010214505,3912,979
chronological,10,1,0.3391215526046987,0.6207319566550807,0.4484167517875383,0.388264158658761,0.11133810010214505,3912,979
chronological,10,2,0.32175689479060265,0.5935391535473319,0.4484167517875383,0.388264158658761,0.11133810010214505,3912,979
chronological,10,3,0.33707865168539325,0.5702310365978328,0.4484167517875383,0.388264158658761,0.11133810010214505,3912,979
chronological,10,4,0.313585291113381,0.48108771212430995,0.4484167517875383,0.388264158658761,0.11133810010214505,3912,979
chronological,10,5,0.3003064351378958,0.6460846452668166,0.4484167517875383,0.388264158658761,0.11133810010214505,3912,979
chronological,10,6,0.32073544433094997,0.5696176650991617,0.4484167517875383,0.388264158658761,0.11133810010214505,3912,979
chronological,10,7,0.3585291113381001,0.6123492128399101,0.4484167517875383,0.388264158658761,0.11133810010214505,3912,979
chronological,10,8,0.313585291113381,0.5790226947454509,0.4484167517875383,0.388264158658761,0.11133810010214505,3912,979
chronological,10,9,0.35240040858018384,0.6109180126763443,0.4484167517875383,0.388264158658761,0.11133810010214505,3912,979
chronological,10,10,0.296220633299285,0.562461664281333,0.4484167517875383,0.388264158658761,0.11133810010214505,3912,979
chronological,10,11,0.32482124616956076,0.5843385810672664,0.4484167517875383,0.388264158658761,0.11133810010214505,3912,979
chronological,10,12,0.3615934627170582,0.5432426906563075,0.4484167517875383,0.388264158658761,0.11133810010214505,3912,979
chronological,10,13,0.3258426966292135,0.6207319566550807,0.4484167517875383,0.388264158658761,0.11133810010214505,3912,979
chronological,10,14,0.34831460674157305,0.611122469842568,0.4484167517875383,0.388264158658761,0.11133810010214505,3912,979
chronological,10,15,0.3534218590398366,0.6240032713146596,0.4484167517875383,0.388264158658761,0.11133810010214505,3912,979
chronological,10,16,0.3432073544433095,0.6280924146391331,0.4484167517875383,0.388264158658761,0.11133810010214505,3912,979
chronological,10,17,0.2839632277834525,0.4729094254753629,0.4484167517875383,0.388264158658761,0.11133810010214505,3912,979
chronological,10,18,0.30337078651685395,0.5330198323451237,0.4484167517875383,0.388264158658761,0.11133810010214505,3912,979
chronological,10,19,0.2676200204290092,0.4181149049274177,0.4484167517875383,0.388264158658761,0.11133810010214505,3912,979
chronological,20,0,0.3101330603889457,0.6009014546199549,0.4022517911975435,0.40053267772997336,0.1218014329580348,3904,977
chronological,20,1,0.38382804503582396,0.7062077443146896,0.4022517911975435,0.40053267772997336,0.1218014329580348,3904,977
chronological,20,2,0.3602865916069601,0.6976029502151199,0.4022517911975435,0.40053267772997336,0.1218014329580348,3904,977
chronological,20,3,0.3029682702149437,0.4544150788772792,0.4022517911975435,0.40053267772997336,0.1218014329580348,3904,977
chronological,20,4,0.35209825997952915,0.6730178242163491,0.4022517911975435,0.40053267772997336,0.1218014329580348,3904,977
chronological,20,5,0.3705220061412487,0.6578569965171072,0.4022517911975435,0.40053267772997336,0.1218014329580348,3904,977
chronological,20,6,0.2538382804503582,0.6381888957180906,0.4022517911975435,0.40053267772997336,0.1218014329580348,3904,977
chronological,20,7,0.2835209825997953,0.6027453390698627,0.4022517911975435,0.40053267772997336,0.1218014329580348,3904,977
chronological,20,8,0.33469805527123847,0.5574677320221266,0.4022517911975435,0.40053267772997336,0.1218014329580348,3904,977
chronological,20,9,0.34186284544524054,0.6976029502151199,0.4022517911975435,0.40053267772997336,0.1218014329580348,3904,977
chronological,20,10,0.330603889457523,0.5888137676705593,0.4022517911975435,0.40053267772997336,0.1218014329580348,3904,977
chronological,20,11,0.3991811668372569,0.620159803318992,0.4022517911975435,0.40053267772997336,0.1218014329580348,3904,977
chronological,20,12,0.2978505629477994,0.6562179881171891,0.4022517911975435,0.40053267772997336,0.1218014329580348,3904,977
chronological,20,13,0.30501535312180145,0.6195451751690227,0.4022517911975435,0.40053267772997336,0.1218014329580348,3904,977
chronological,20,14,0.34493346980552714,0.6623642696168818,0.4022517911975435,0.40053267772997336,0.1218014329580348,3904,977
chronological,20,15,0.26202661207778916,0.5841016185207949,0.4022517911975435,0.40053267772997336,0.1218014329580348,3904,977
chronological,20,16,0.2743091095189355,0.6721983200163901,0.4022517911975435,0.40053267772997336,0.1218014329580348,3904,977
chronological,20,17,0.3070624360286592,0.610940381069453,0.4022517911975435,0.40053267772997336,0.1218014329580348,3904,977
chronological,20,18,0.3797338792221085,0.6711739397664414,0.4022517911975435,0.40053267772997336,0.1218014329580348,3904,977
chronological,20,19,0.33265097236438074,0.6894079082155296,0.4022517911975435,0.40053267772997336,0.1218014329580348,3904,977
purged_embargoed,5,0,0.4758974358974359,0.5706699346405228,0.5753846153846154,0.5339052287581699,0.0,3812,975
purged_embargoed,5,1,0.5230769230769231,0.5996732026143791,0.5753846153846154,0.5339052287581699,0.0,3812,975
purged_embargoed,5,2,0.47384615384615386,0.536968954248366,0.5753846153846154,0.5339052287581699,0.0,3812,975
purged_embargoed,5,3,0.5323076923076923,0.5569852941176471,0.5753846153846154,0.5339052287581699,0.0,3812,975
purged_embargoed,5,4,0.47384615384615386,0.5565767973856209,0.5753846153846154,0.5339052287581699,0.0,3812,975
purged_embargoed,5,5,0.4605128205128205,0.5177696078431373,0.5753846153846154,0.5339052287581699,0.0,3812,975
purged_embargoed,5,6,0.5282051282051282,0.5798611111111112,0.5753846153846154,0.5339052287581699,0.0,3812,975
purged_embargoed,5,7,0.4728205128205128,0.5761846405228758,0.5753846153846154,0.5339052287581699,0.0,3812,975
purged_embargoed,5,8,0.4553846153846154,0.4987745098039216,0.5753846153846154,0.5339052287581699,0.0,3812,975
purged_embargoed,5,9,0.47384615384615386,0.5733251633986928,0.5753846153846154,0.5339052287581699,0.0,3812,975
purged_embargoed,5,10,0.48205128205128206,0.5706699346405228,0.5753846153846154,0.5339052287581699,0.0,3812,975
purged_embargoed,5,11,0.49435897435897436,0.5602532679738562,0.5753846153846154,0.5339052287581699,0.0,3812,975
purged_embargoed,5,12,0.4502564102564103,0.5275735294117647,0.5753846153846154,0.5339052287581699,0.0,3812,975
purged_embargoed,5,13,0.48205128205128206,0.5569852941176471,0.5753846153846154,0.5339052287581699,0.0,3812,975
purged_embargoed,5,14,0.49128205128205127,0.5735294117647058,0.5753846153846154,0.5339052287581699,0.0,3812,975
purged_embargoed,5,15,0.48923076923076925,0.5757761437908496,0.5753846153846154,0.5339052287581699,0.0,3812,975
purged_embargoed,5,16,0.4676923076923077,0.559640522875817,0.5753846153846154,0.5339052287581699,0.0,3812,975
purged_embargoed,5,17,0.4841025641025641,0.5651552287581699,0.5753846153846154,0.5339052287581699,0.0,3812,975
purged_embargoed,5,18,0.5323076923076923,0.5651552287581699,0.5753846153846154,0.5339052287581699,0.0,3812,975
purged_embargoed,5,19,0.4635897435897436,0.5496323529411765,0.5753846153846154,0.5339052287581699,0.0,3812,975
purged_embargoed,10,0,0.3323013415892673,0.616847270496831,0.45098039215686275,0.388264158658761,0.0,3803,969
purged_embargoed,10,1,0.3570691434468524,0.5925168677162135,0.45098039215686275,0.388264158658761,0.0,3803,969
purged_embargoed,10,2,0.2961816305469556,0.5931302392148845,0.45098039215686275,0.388264158658761,0.0,3803,969
purged_embargoed,10,3,0.32610939112487103,0.5561234921283991,0.45098039215686275,0.388264158658761,0.0,3803,969
purged_embargoed,10,4,0.34262125902992774,0.5898589245553056,0.45098039215686275,0.388264158658761,0.0,3803,969
purged_embargoed,10,5,0.2672858617131063,0.47454508280515234,0.45098039215686275,0.388264158658761,0.0,3803,969
purged_embargoed,10,6,0.35810113519091846,0.6101001840114496,0.45098039215686275,0.388264158658761,0.0,3803,969
purged_embargoed,10,7,0.3302373581011352,0.560008178286649,0.45098039215686275,0.388264158658761,0.0,3803,969
purged_embargoed,10,8,0.36429308565531476,0.6469024739317113,0.45098039215686275,0.388264158658761,0.0,3803,969
purged_embargoed,10,9,0.3384932920536636,0.6043753833571867,0.45098039215686275,0.388264158658761,0.0,3803,969
purged_embargoed,10,10,0.31475748194014447,0.604784297689634,0.45098039215686275,0.388264158658761,0.0,3803,969
purged_embargoed,10,11,0.31166150670794635,0.5595992639542016,0.45098039215686275,0.388264158658761,0.0,3803,969
purged_embargoed,10,12,0.3735810113519092,0.6260478429768963,0.45098039215686275,0.388264158658761,0.0,3803,969
purged_embargoed,10,13,0.31682146542827655,0.5154365160498875,0.45098039215686275,0.388264158658761,0.0,3803,969
purged_embargoed,10,14,0.3446852425180599,0.6207319566550807,0.45098039215686275,0.388264158658761,0.0,3803,969
purged_embargoed,10,15,0.3364293085655315,0.5434471478225312,0.45098039215686275,0.388264158658761,0.0,3803,969
purged_embargoed,10,16,0.3333333333333333,0.576364751584543,0.45098039215686275,0.388264158658761,0.0,3803,969
purged_embargoed,10,17,0.29927760577915374,0.553670006133715,0.45098039215686275,0.388264158658761,0.0,3803,969
purged_embargoed,10,18,0.3508771929824561,0.6305459006338172,0.45098039215686275,0.388264158658761,0.0,3803,969
purged_embargoed,10,19,0.3384932920536636,0.5847474953997137,0.45098039215686275,0.388264158658761,0.0,3803,969
purged_embargoed,20,0,0.34796238244514105,0.6562179881171891,0.4012539184952978,0.40053267772997336,0.0,3785,957
purged_embargoed,20,1,0.3343782654127482,0.704158983814792,0.4012539184952978,0.40053267772997336,0.0,3785,957
purged_embargoed,20,2,0.32497387669801464,0.6146281499692686,0.4012539184952978,0.40053267772997336,0.0,3785,957
purged_embargoed,20,3,0.26750261233019856,0.39479614833026017,0.4012539184952978,0.40053267772997336,0.0,3785,957
purged_embargoed,20,4,0.29258098223615464,0.5683261626715836,0.4012539184952978,0.40053267772997336,0.0,3785,957
purged_embargoed,20,5,0.34273772204806685,0.6695349313665232,0.4012539184952978,0.40053267772997336,0.0,3785,957
purged_embargoed,20,6,0.27063740856844304,0.6644130301167793,0.4012539184952978,0.40053267772997336,0.0,3785,957
purged_embargoed,20,7,0.39707419017763845,0.6740422044662979,0.4012539184952978,0.40053267772997336,0.0,3785,957
purged_embargoed,20,8,0.3730407523510972,0.6562179881171891,0.4012539184952978,0.40053267772997336,0.0,3785,957
purged_embargoed,20,9,0.38557993730407525,0.6719934439664004,0.4012539184952978,0.40053267772997336,0.0,3785,957
purged_embargoed,20,10,0.26854754440961337,0.5806187256709691,0.4012539184952978,0.40053267772997336,0.0,3785,957
purged_embargoed,20,11,0.322884012539185,0.6795738578160213,0.4012539184952978,0.40053267772997336,0.0,3785,957
purged_embargoed,20,12,0.31452455590386624,0.6631837738168408,0.4012539184952978,0.40053267772997336,0.0,3785,957
purged_embargoed,20,13,0.28213166144200624,0.6408522843679574,0.4012539184952978,0.40053267772997336,0.0,3785,957
purged_embargoed,20,14,0.33124346917450365,0.6883835279655808,0.4012539184952978,0.40053267772997336,0.0,3785,957
purged_embargoed,20,15,0.38140020898641586,0.6148330260192584,0.4012539184952978,0.40053267772997336,0.0,3785,957
purged_embargoed,20,16,0.2988505747126437,0.650481458717476,0.4012539184952978,0.40053267772997336,0.0,3785,957
purged_embargoed,20,17,0.3239289446185998,0.6584716246670764,0.4012539184952978,0.40053267772997336,0.0,3785,957
purged_embargoed,20,18,0.3207941483803553,0.6650276582667486,0.4012539184952978,0.40053267772997336,0.0,3785,957
purged_embargoed,20,19,0.3991640543364681,0.5558287236222086,0.4012539184952978,0.40053267772997336,0.0,3785,957
random_split,5,0,0.536734693877551,0.5725081699346405,0.5183673469387755,0.5339052287581699,1.0,3916,980
random_split,5,1,0.5224489795918368,0.5504493464052288,0.5163265306122449,0.5339052287581699,1.0,3916,980
random_split,5,2,0.536734693877551,0.5655637254901961,0.5316326530612245,0.5339052287581699,1.0,3916,980
random_split,5,3,0.5295918367346939,0.5435049019607843,0.5306122448979592,0.5339052287581699,1.0,3916,980
random_split,5,4,0.5224489795918368,0.5520833333333334,0.5295918367346939,0.5339052287581699,1.0,3916,980
random_split,5,5,0.5306122448979592,0.5700571895424836,0.5265306122448979,0.5339052287581699,1.0,3916,980
random_split,5,6,0.5122448979591837,0.5661764705882353,0.5153061224489796,0.5339052287581699,1.0,3916,980
random_split,5,7,0.5275510204081633,0.5396241830065359,0.5357142857142857,0.5339052287581699,1.0,3916,980
random_split,5,8,0.5193877551020408,0.5684232026143791,0.5295918367346939,0.5339052287581699,1.0,3916,980
random_split,5,9,0.5510204081632653,0.5494281045751634,0.5438775510204081,0.5339052287581699,1.0,3916,980
random_split,5,10,0.5387755102040817,0.5373774509803921,0.5428571428571428,0.5339052287581699,1.0,3916,980
random_split,5,11,0.5306122448979592,0.5855800653594772,0.5163265306122449,0.5339052287581699,1.0,3916,980
random_split,5,12,0.513265306122449,0.5592320261437909,0.5479591836734694,0.5339052287581699,1.0,3916,980
random_split,5,13,0.5346938775510204,0.5847630718954249,0.5244897959183673,0.5339052287581699,1.0,3916,980
random_split,5,14,0.49489795918367346,0.5551470588235294,0.5591836734693878,0.5339052287581699,1.0,3916,980
random_split,5,15,0.4561224489795918,0.5071486928104575,0.5377551020408163,0.5339052287581699,1.0,3916,980
random_split,5,16,0.5326530612244897,0.5688316993464052,0.5173469387755102,0.5339052287581699,1.0,3916,980
random_split,5,17,0.5387755102040817,0.553921568627451,0.5448979591836735,0.5339052287581699,1.0,3916,980
random_split,5,18,0.49387755102040815,0.5526960784313726,0.5244897959183673,0.5339052287581699,1.0,3916,980
random_split,5,19,0.5357142857142857,0.5737336601307189,0.5377551020408163,0.5339052287581699,1.0,3916,980
random_split,10,0,0.4882533197139939,0.5426293191576365,0.390194075587334,0.388264158658761,1.0,3912,979
random_split,10,1,0.5383043922369765,0.5796360662441219,0.3738508682328907,0.388264158658761,1.0,3912,979
random_split,10,2,0.5270684371807968,0.5685953792680434,0.3830439223697651,0.388264158658761,1.0,3912,979
random_split,10,3,0.4647599591419816,0.5046002862400327,0.38202247191011235,0.388264158658761,1.0,3912,979
random_split,10,4,0.4780388151174668,0.5604170926190963,0.41062308478038817,0.388264158658761,1.0,3912,979
random_split,10,5,0.5444330949948928,0.603557554692292,0.372829417773238,0.388264158658761,1.0,3912,979
random_split,10,6,0.5270684371807968,0.6113269270087917,0.39121552604698673,0.388264158658761,1.0,3912,979
random_split,10,7,0.5689479060265578,0.6485381312615007,0.38202247191011235,0.388264158658761,1.0,3912,979
random_split,10,8,0.609805924412666,0.6389286444489879,0.3718079673135853,0.388264158658761,1.0,3912,979
random_split,10,9,0.5423901940755873,0.5970149253731343,0.42083758937691523,0.388264158658761,1.0,3912,979
random_split,10,10,0.5188968335035751,0.5945614393784502,0.40960163432073543,0.388264158658761,1.0,3912,979
random_split,10,11,0.550561797752809,0.6264567573093437,0.38202247191011235,0.388264158658761,1.0,3912,979
random_split,10,12,0.5045965270684372,0.5692087507667144,0.38202247191011235,0.388264158658761,1.0,3912,979
random_split,10,13,0.5148110316649642,0.5712533224289511,0.42288049029622066,0.388264158658761,1.0,3912,979
random_split,10,14,0.5556690500510725,0.5935391535473319,0.40755873340143,0.388264158658761,1.0,3912,979
random_split,10,15,0.5669050051072523,0.625638928644449,0.38202247191011235,0.388264158658761,1.0,3912,979
random_split,10,16,0.5229826353421859,0.6051932120220814,0.4014300306435138,0.388264158658761,1.0,3912,979
random_split,10,17,0.5515832482124617,0.5974238397055817,0.3953013278855976,0.388264158658761,1.0,3912,979
random_split,10,18,0.54341164453524,0.5931302392148845,0.40755873340143,0.388264158658761,1.0,3912,979
random_split,10,19,0.5556690500510725,0.6201185851564097,0.3922369765066394,0.388264158658761,1.0,3912,979
random_split,20,0,0.6857727737973388,0.7148125384142594,0.38485158648925283,0.40053267772997336,1.0,3904,977
random_split,20,1,0.7512794268167861,0.7736119647613194,0.4022517911975435,0.40053267772997336,1.0,3904,977
random_split,20,2,0.7001023541453428,0.7570170047121492,0.4053224155578301,0.40053267772997336,1.0,3904,977
random_split,20,3,0.6898669396110543,0.7371440278631428,0.4104401228249744,0.40053267772997336,1.0,3904,977
random_split,20,4,0.5731832139201638,0.592501536570375,0.38792221084953943,0.40053267772997336,1.0,3904,977
random_split,20,5,0.7410440122824974,0.751280475312436,0.3961105424769703,0.40053267772997336,1.0,3904,977
random_split,20,6,0.4677584442169908,0.48944888342552756,0.39508700102354144,0.40053267772997336,1.0,3904,977
random_split,20,7,0.5148413510747185,0.5087072321245646,0.4083930399181167,0.40053267772997336,1.0,3904,977
random_split,20,8,0.7420675537359263,0.7666461790616677,0.40429887410440124,0.40053267772997336,1.0,3904,977
random_split,20,9,0.6274309109518935,0.6754763368162262,0.4083930399181167,0.40053267772997336,1.0,3904,977
random_split,20,10,0.7164790174002047,0.7266953493136652,0.4186284544524053,0.40053267772997336,1.0,3904,977
random_split,20,11,0.5578300921187308,0.5802089735709896,0.39815762538382804,0.40053267772997336,1.0,3904,977
random_split,20,12,0.7093142272262026,0.7459536980127023,0.38792221084953943,0.40053267772997336,1.0,3904,977
random_split,20,13,0.654042988741044,0.7070272485146486,0.3961105424769703,0.40053267772997336,1.0,3904,977
random_split,20,14,0.6622313203684749,0.6670764187666461,0.3735926305015353,0.40053267772997336,1.0,3904,977
random_split,20,15,0.6908904810644831,0.7154271665642287,0.3991811668372569,0.40053267772997336,1.0,3904,977
random_split,20,16,0.6305015353121801,0.6406474083179676,0.4083930399181167,0.40053267772997336,1.0,3904,977
random_split,20,17,0.714431934493347,0.7475927064126203,0.38382804503582396,0.40053267772997336,1.0,3904,977
random_split,20,18,0.6898669396110543,0.7031346035648433,0.40122824974411464,0.40053267772997336,1.0,3904,977
random_split,20,19,0.6878198567041965,0.732841630813358,0.3889457523029683,0.40053267772997336,1.0,3904,977
