sim_seed,protocol,horizon,split_seed,n_train,n_val,val_majority,oracle_twin_acc,knn1_acc,analytic_ceiling
0,random_split,5,0,3916,980,0.5377551020408163,0.6979591836734694,0.39387755102040817,0.689601994186341
0,random_split,5,1,3916,980,0.5561224489795918,0.7122448979591837,0.4142857142857143,0.689601994186341
0,random_split,5,2,3916,980,0.5520408163265306,0.7081632653061225,0.38877551020408163,0.689601994186341
0,random_split,5,3,3916,980,0.5469387755102041,0.6724489795918367,0.4010204081632653,0.689601994186341
0,random_split,5,4,3916,980,0.5561224489795918,0.6663265306122449,0.42346938775510207,0.689601994186341
0,random_split,5,5,3916,980,0.5704081632653061,0.686734693877551,0.4153061224489796,0.689601994186341
0,random_split,5,6,3916,980,0.5510204081632653,0.6959183673469388,0.39081632653061227,0.689601994186341
0,random_split,5,7,3916,980,0.5244897959183673,0.6887755102040817,0.4142857142857143,0.689601994186341
0,random_split,5,8,3916,980,0.5489795918367347,0.6979591836734694,0.4,0.689601994186341
0,random_split,5,9,3916,980,0.5459183673469388,0.6877551020408164,0.40408163265306124,0.689601994186341
0,random_split,5,10,3916,980,0.5459183673469388,0.7030612244897959,0.3979591836734694,0.689601994186341
0,random_split,5,11,3916,980,0.5642857142857143,0.7,0.42653061224489797,0.689601994186341
0,random_split,5,12,3916,980,0.5755102040816327,0.6846938775510204,0.41122448979591836,0.689601994186341
0,random_split,5,13,3916,980,0.55,0.7112244897959183,0.4204081632653061,0.689601994186341
0,random_split,5,14,3916,980,0.5255102040816326,0.6959183673469388,0.4020408163265306,0.689601994186341
0,random_split,5,15,3916,980,0.5428571428571428,0.6979591836734694,0.3979591836734694,0.689601994186341
0,random_split,5,16,3916,980,0.5448979591836735,0.6806122448979591,0.3693877551020408,0.689601994186341
0,random_split,5,17,3916,980,0.5173469387755102,0.6826530612244898,0.40408163265306124,0.689601994186341
0,random_split,5,18,3916,980,0.5377551020408163,0.6908163265306122,0.4051020408163265,0.689601994186341
0,random_split,5,19,3916,980,0.5448979591836735,0.6602040816326531,0.40408163265306124,0.689601994186341
0,chronological,5,0,3916,980,0.55,0.55,0.3816326530612245,0.689601994186341
0,purged_embargoed,5,0,3812,975,0.5476923076923077,0.5476923076923077,0.38256410256410256,0.689601994186341
0,random_split,10,0,3912,979,0.40858018386108275,0.7334014300306435,0.32175689479060265,0.7478695885761109
0,random_split,10,1,3912,979,0.4024514811031665,0.7528089887640449,0.3564862104187947,0.7478695885761109
0,random_split,10,2,3912,979,0.41164453524004085,0.7425944841675178,0.33605720122574056,0.7478695885761109
0,random_split,10,3,3912,979,0.3922369765066394,0.7579162410623085,0.33094994892747703,0.7478695885761109
0,random_split,10,4,3912,979,0.39427987742594484,0.7497446373850868,0.38100102145045966,0.7478695885761109
0,random_split,10,5,3912,979,0.432073544433095,0.7374872318692544,0.313585291113381,0.7478695885761109
0,random_split,10,6,3912,979,0.4136874361593463,0.7568947906026557,0.3299284984678243,0.7478695885761109
0,random_split,10,7,3912,979,0.40960163432073543,0.7814096016343207,0.34933605720122574,0.7478695885761109
0,random_split,10,8,3912,979,0.3891726251276813,0.7262512768130746,0.33707865168539325,0.7478695885761109
0,random_split,10,9,3912,979,0.3891726251276813,0.7671092951991828,0.33605720122574056,0.7478695885761109
0,random_split,10,10,3912,979,0.38100102145045966,0.7405515832482125,0.3176710929519918,0.7478695885761109
0,random_split,10,11,3912,979,0.4004085801838611,0.7538304392236976,0.36363636363636365,0.7478695885761109
0,random_split,10,12,3912,979,0.38508682328907046,0.7558733401430031,0.32482124616956076,0.7478695885761109
0,random_split,10,13,3912,979,0.40551583248212464,0.7293156281920327,0.32073544433094997,0.7478695885761109
0,random_split,10,14,3912,979,0.39632277834525026,0.7711950970377937,0.3595505617977528,0.7478695885761109
0,random_split,10,15,3912,979,0.390194075587334,0.7640449438202247,0.3289070480081716,0.7478695885761109
0,random_split,10,16,3912,979,0.3983656792645557,0.7405515832482125,0.31869254341164455,0.7478695885761109
0,random_split,10,17,3912,979,0.41470888661899896,0.7497446373850868,0.3289070480081716,0.7478695885761109
0,random_split,10,18,3912,979,0.4157303370786517,0.7671092951991828,0.3350357507660878,0.7478695885761109
0,random_split,10,19,3912,979,0.4004085801838611,0.7497446373850868,0.33094994892747703,0.7478695885761109
0,chronological,10,0,3912,979,0.4290091930541369,0.33401430030643514,0.3176710929519918,0.7478695885761109
0,purged_embargoed,10,0,3803,969,0.4262125902992776,0.23839009287925697,0.3157894736842105,0.7478695885761109
0,random_split,20,0,3904,977,0.40736949846468784,0.8096212896622313,0.3224155578300921,0.8093078919469551
0,random_split,20,1,3904,977,0.39508700102354144,0.8147389969293757,0.3633572159672467,0.8093078919469551
0,random_split,20,2,3904,977,0.37871033776867963,0.8157625383828045,0.32446264073694986,0.8093078919469551
0,random_split,20,3,3904,977,0.38792221084953943,0.8372569089048106,0.35516888433981575,0.8093078919469551
0,random_split,20,4,3904,977,0.3735926305015353,0.8311156601842374,0.3490276356192426,0.8093078919469551
0,random_split,20,5,3904,977,0.3705220061412487,0.8106448311156602,0.3254861821903787,0.8093078919469551
0,random_split,20,6,3904,977,0.3766632548618219,0.8024564994882293,0.34698055271238487,0.8093078919469551
0,random_split,20,7,3904,977,0.39508700102354144,0.8300921187308086,0.3254861821903787,0.8093078919469551
0,random_split,20,8,3904,977,0.3940634595701126,0.8219037871033776,0.34083930399181167,0.8093078919469551
0,random_split,20,9,3904,977,0.36438075742067555,0.827021494370522,0.35823950870010235,0.8093078919469551
0,random_split,20,10,3904,977,0.3858751279426817,0.8085977482088025,0.3265097236438076,0.8093078919469551
0,random_split,20,11,3904,977,0.38689866939611056,0.8137154554759468,0.32139201637666326,0.8093078919469551
0,random_split,20,12,3904,977,0.37154554759467756,0.8147389969293757,0.3633572159672467,0.8093078919469551
0,random_split,20,13,3904,977,0.3940634595701126,0.8167860798362334,0.345957011258956,0.8093078919469551
0,random_split,20,14,3904,977,0.39815762538382804,0.8178096212896623,0.33469805527123847,0.8093078919469551
0,random_split,20,15,3904,977,0.3797338792221085,0.8137154554759468,0.34698055271238487,0.8093078919469551
0,random_split,20,16,3904,977,0.39815762538382804,0.8311156601842374,0.34698055271238487,0.8093078919469551
0,random_split,20,17,3904,977,0.36131013306038895,0.812691914022518,0.353121801432958,0.8093078919469551
0,random_split,20,18,3904,977,0.38689866939611056,0.8167860798362334,0.34800409416581374,0.8093078919469551
0,random_split,20,19,3904,977,0.3828045035823951,0.8075742067553736,0.3265097236438076,0.8093078919469551
0,chronological,20,0,3904,977,0.4483111566018424,0.4483111566018424,0.3060388945752303,0.8093078919469551
0,purged_embargoed,20,0,3785,957,0.44932079414838033,0.44932079414838033,0.3124346917450366,0.8093078919469551
1,random_split,5,0,3916,980,0.5091836734693878,0.6918367346938775,0.4061224489795918,0.689601994186341
1,random_split,5,1,3916,980,0.5336734693877551,0.6989795918367347,0.4020408163265306,0.689601994186341
1,random_split,5,2,3916,980,0.5387755102040817,0.6857142857142857,0.3979591836734694,0.689601994186341
1,random_split,5,3,3916,980,0.5306122448979592,0.689795918367347,0.3673469387755102,0.689601994186341
1,random_split,5,4,3916,980,0.5316326530612245,0.673469387755102,0.39285714285714285,0.689601994186341
1,random_split,5,5,3916,980,0.5346938775510204,0.7030612244897959,0.37857142857142856,0.689601994186341
1,random_split,5,6,3916,980,0.5469387755102041,0.6918367346938775,0.3979591836734694,0.689601994186341
1,random_split,5,7,3916,980,0.5326530612244897,0.686734693877551,0.40816326530612246,0.689601994186341
1,random_split,5,8,3916,980,0.5479591836734694,0.6948979591836735,0.39693877551020407,0.689601994186341
1,random_split,5,9,3916,980,0.5091836734693878,0.7030612244897959,0.4,0.689601994186341
1,random_split,5,10,3916,980,0.5591836734693878,0.6775510204081633,0.40816326530612246,0.689601994186341
1,random_split,5,11,3916,980,0.5540816326530612,0.6724489795918367,0.3948979591836735,0.689601994186341
1,random_split,5,12,3916,980,0.5673469387755102,0.6795918367346939,0.39387755102040817,0.689601994186341
1,random_split,5,13,3916,980,0.513265306122449,0.6969387755102041,0.3979591836734694,0.689601994186341
1,random_split,5,14,3916,980,0.5326530612244897,0.6877551020408164,0.4142857142857143,0.689601994186341
1,random_split,5,15,3916,980,0.5540816326530612,0.6877551020408164,0.39693877551020407,0.689601994186341
1,random_split,5,16,3916,980,0.5459183673469388,0.7030612244897959,0.386734693877551,0.689601994186341
1,random_split,5,17,3916,980,0.536734693877551,0.6724489795918367,0.3806122448979592,0.689601994186341
1,random_split,5,18,3916,980,0.5275510204081633,0.676530612244898,0.39081632653061227,0.689601994186341
1,random_split,5,19,3916,980,0.5540816326530612,0.6663265306122449,0.386734693877551,0.689601994186341
1,chronological,5,0,3916,980,0.5336734693877551,0.20408163265306123,0.39693877551020407,0.689601994186341
1,purged_embargoed,5,0,3812,975,0.5323076923076923,0.2635897435897436,0.39794871794871794,0.689601994186341
1,random_split,10,0,3912,979,0.38202247191011235,0.7334014300306435,0.34933605720122574,0.7478695885761109
1,random_split,10,1,3912,979,0.39325842696629215,0.7487231869254342,0.35137895812053116,0.7478695885761109
1,random_split,10,2,3912,979,0.3738508682328907,0.7446373850868233,0.3237997957099081,0.7478695885761109
1,random_split,10,3,3912,979,0.3922369765066394,0.7681307456588355,0.33094994892747703,0.7478695885761109
1,random_split,10,4,3912,979,0.3687436159346272,0.7528089887640449,0.3421859039836568,0.7478695885761109
1,random_split,10,5,3912,979,0.39121552604698673,0.7201225740551583,0.3115423901940756,0.7478695885761109
1,random_split,10,6,3912,979,0.4065372829417773,0.7558733401430031,0.3319713993871297,0.7478695885761109
1,random_split,10,7,3912,979,0.37793667007150156,0.7334014300306435,0.3432073544433095,0.7478695885761109
1,random_split,10,8,3912,979,0.39325842696629215,0.7119509703779366,0.36057201225740554,0.7478695885761109
1,random_split,10,9,3912,979,0.3871297242083759,0.7272727272727273,0.3289070480081716,0.7478695885761109
1,random_split,10,10,3912,979,0.41062308478038817,0.7374872318692544,0.34627170582226763,0.7478695885761109
1,random_split,10,11,3912,979,0.39938712972420837,0.7487231869254342,0.35444330949948927,0.7478695885761109
1,random_split,10,12,3912,979,0.3891726251276813,0.7221654749744637,0.36057201225740554,0.7478695885761109
1,random_split,10,13,3912,979,0.3748723186925434,0.7558733401430031,0.3421859039836568,0.7478695885761109
1,random_split,10,14,3912,979,0.3861082737487232,0.7671092951991828,0.3626149131767109,0.7478695885761109
1,random_split,10,15,3912,979,0.37793667007150156,0.745658835546476,0.3534218590398366,0.7478695885761109
1,random_split,10,16,3912,979,0.3881511746680286,0.7272727272727273,0.35444330949948927,0.7478695885761109
1,random_split,10,17,3912,979,0.39325842696629215,0.7568947906026557,0.3391215526046987,0.7478695885761109
1,random_split,10,18,3912,979,0.40858018386108275,0.7711950970377937,0.3503575076608784,0.7478695885761109
1,random_split,10,19,3912,979,0.39427987742594484,0.7405515832482125,0.3391215526046987,0.7478695885761109
1,chronological,10,0,3912,979,0.37589376915219613,0.2931562819203269,0.3258426966292135,0.7478695885761109
1,purged_embargoed,10,0,3803,969,0.3797729618163055,0.33436532507739936,0.32507739938080493,0.7478695885761109
1,random_split,20,0,3904,977,0.3705220061412487,0.8208802456499488,0.32753326509723646,0.8093078919469551
1,random_split,20,1,3904,977,0.3766632548618219,0.8116683725690891,0.3172978505629478,0.8093078919469551
1,random_split,20,2,3904,977,0.3971340839303992,0.8178096212896623,0.34493346980552714,0.8093078919469551
1,random_split,20,3,3904,977,0.37563971340839303,0.8116683725690891,0.33265097236438074,0.8093078919469551
1,random_split,20,4,3904,977,0.3797338792221085,0.8280450358239508,0.33776867963152507,0.8093078919469551
1,random_split,20,5,3904,977,0.36438075742067555,0.8208802456499488,0.330603889457523,0.8093078919469551
1,random_split,20,6,3904,977,0.38075742067553736,0.8362333674513818,0.3602865916069601,0.8093078919469551
1,random_split,20,7,3904,977,0.39201637666325484,0.8259979529170931,0.35209825997952915,0.8093078919469551
1,random_split,20,8,3904,977,0.3961105424769703,0.8055271238485159,0.3132036847492323,0.8093078919469551
1,random_split,20,9,3904,977,0.37768679631525076,0.804503582395087,0.3664278403275333,0.8093078919469551
1,random_split,20,10,3904,977,0.3828045035823951,0.8024564994882293,0.3428863868986694,0.8093078919469551
1,random_split,20,11,3904,977,0.3858751279426817,0.8321392016376663,0.3428863868986694,0.8093078919469551
1,random_split,20,12,3904,977,0.38382804503582396,0.8321392016376663,0.34390992835209827,0.8093078919469551
1,random_split,20,13,3904,977,0.3766632548618219,0.8157625383828045,0.33469805527123847,0.8093078919469551
1,random_split,20,14,3904,977,0.38178096212896623,0.8219037871033776,0.35516888433981575,0.8093078919469551
1,random_split,20,15,3904,977,0.38178096212896623,0.8352098259979529,0.3561924257932446,0.8093078919469551
1,random_split,20,16,3904,977,0.3735926305015353,0.8239508700102354,0.32753326509723646,0.8093078919469551
1,random_split,20,17,3904,977,0.3971340839303992,0.8249744114636642,0.35209825997952915,0.8093078919469551
1,random_split,20,18,3904,977,0.3725690890481064,0.8352098259979529,0.33162743091095187,0.8093078919469551
1,random_split,20,19,3904,977,0.3858751279426817,0.8188331627430911,0.3336745138178096,0.8093078919469551
1,chronological,20,0,3904,977,0.4104401228249744,0.3172978505629478,0.3203684749232344,0.8093078919469551
1,purged_embargoed,20,0,3785,957,0.41901776384535006,0.3072100313479624,0.322884012539185,0.8093078919469551
2,random_split,5,0,3916,980,0.539795918367347,0.6908163265306122,0.41020408163265304,0.689601994186341
2,random_split,5,1,3916,980,0.5581632653061225,0.6724489795918367,0.4193877551020408,0.689601994186341
2,random_split,5,2,3916,980,0.5418367346938775,0.6775510204081633,0.44285714285714284,0.689601994186341
2,random_split,5,3,3916,980,0.539795918367347,0.6744897959183673,0.39285714285714285,0.689601994186341
2,random_split,5,4,3916,980,0.5704081632653061,0.676530612244898,0.42551020408163265,0.689601994186341
2,random_split,5,5,3916,980,0.5673469387755102,0.7010204081632653,0.4193877551020408,0.689601994186341
2,random_split,5,6,3916,980,0.5530612244897959,0.7071428571428572,0.4153061224489796,0.689601994186341
2,random_split,5,7,3916,980,0.5581632653061225,0.6938775510204082,0.42244897959183675,0.689601994186341
2,random_split,5,8,3916,980,0.5387755102040817,0.6857142857142857,0.4091836734693878,0.689601994186341
2,random_split,5,9,3916,980,0.573469387755102,0.6795918367346939,0.4020408163265306,0.689601994186341
2,random_split,5,10,3916,980,0.5520408163265306,0.6755102040816326,0.40816326530612246,0.689601994186341
2,random_split,5,11,3916,980,0.5530612244897959,0.6877551020408164,0.41122448979591836,0.689601994186341
2,random_split,5,12,3916,980,0.5510204081632653,0.6704081632653062,0.42857142857142855,0.689601994186341
2,random_split,5,13,3916,980,0.5673469387755102,0.7061224489795919,0.4163265306122449,0.689601994186341
2,random_split,5,14,3916,980,0.5438775510204081,0.6795918367346939,0.38979591836734695,0.689601994186341
2,random_split,5,15,3916,980,0.5714285714285714,0.7010204081632653,0.40408163265306124,0.689601994186341
2,random_split,5,16,3916,980,0.5571428571428572,0.6948979591836735,0.4091836734693878,0.689601994186341
2,random_split,5,17,3916,980,0.5540816326530612,0.6928571428571428,0.39183673469387753,0.689601994186341
2,random_split,5,18,3916,980,0.5255102040816326,0.6795918367346939,0.41836734693877553,0.689601994186341
2,random_split,5,19,3916,980,0.5377551020408163,0.6663265306122449,0.3979591836734694,0.689601994186341
2,chronological,5,0,3916,980,0.5887755102040816,0.24183673469387756,0.4163265306122449,0.689601994186341
2,purged_embargoed,5,0,3812,975,0.5866666666666667,0.24307692307692308,0.4164102564102564,0.689601994186341
2,random_split,10,0,3912,979,0.39734422880490294,0.7242083758937692,0.3146067415730337,0.7478695885761109
2,random_split,10,1,3912,979,0.4034729315628192,0.7262512768130746,0.3125638406537283,0.7478695885761109
2,random_split,10,2,3912,979,0.4187946884576098,0.7017364657814096,0.3289070480081716,0.7478695885761109
2,random_split,10,3,3912,979,0.4136874361593463,0.72829417773238,0.3115423901940756,0.7478695885761109
2,random_split,10,4,3912,979,0.39121552604698673,0.7180796731358529,0.31971399387129723,0.7478695885761109
2,random_split,10,5,3912,979,0.39938712972420837,0.7436159346271706,0.3023493360572012,0.7478695885761109
2,random_split,10,6,3912,979,0.39325842696629215,0.7272727272727273,0.32277834525025534,0.7478695885761109
2,random_split,10,7,3912,979,0.42696629213483145,0.7231869254341164,0.3125638406537283,0.7478695885761109
2,random_split,10,8,3912,979,0.37589376915219613,0.7293156281920327,0.33401430030643514,0.7478695885761109
2,random_split,10,9,3912,979,0.3830439223697651,0.7487231869254342,0.3258426966292135,0.7478695885761109
2,random_split,10,10,3912,979,0.3891726251276813,0.7211440245148111,0.30439223697650664,0.7478695885761109
2,random_split,10,11,3912,979,0.390194075587334,0.7242083758937692,0.32277834525025534,0.7478695885761109
2,random_split,10,12,3912,979,0.39734422880490294,0.7466802860061287,0.33299284984678246,0.7478695885761109
2,random_split,10,13,3912,979,0.39121552604698673,0.7487231869254342,0.33401430030643514,0.7478695885761109
2,random_split,10,14,3912,979,0.4004085801838611,0.7334014300306435,0.3166496424923391,0.7478695885761109
2,random_split,10,15,3912,979,0.4004085801838611,0.7528089887640449,0.34014300306435136,0.7478695885761109
2,random_split,10,16,3912,979,0.4034729315628192,0.7579162410623085,0.29111338100102147,0.7478695885761109
2,random_split,10,17,3912,979,0.3881511746680286,0.7129724208375894,0.32482124616956076,0.7478695885761109
2,random_split,10,18,3912,979,0.4004085801838611,0.7477017364657814,0.3268641470888662,0.7478695885761109
2,random_split,10,19,3912,979,0.3707865168539326,0.7477017364657814,0.32788559754851887,0.7478695885761109
2,chronological,10,0,3912,979,0.4371807967313585,0.33707865168539325,0.3268641470888662,0.7478695885761109
2,purged_embargoed,10,0,3803,969,0.4375644994840041,0.22394220846233232,0.33126934984520123,0.7478695885761109
2,random_split,20,0,3904,977,0.3725690890481064,0.8085977482088025,0.3162743091095189,0.8093078919469551
2,random_split,20,1,3904,977,0.3633572159672467,0.8147389969293757,0.3193449334698055,0.8093078919469551
2,random_split,20,2,3904,977,0.36438075742067555,0.8178096212896623,0.31525076765609006,0.8093078919469551
2,random_split,20,3,3904,977,0.37461617195496416,0.8147389969293757,0.31218014329580346,0.8093078919469551
2,random_split,20,4,3904,977,0.3602865916069601,0.8096212896622313,0.3193449334698055,0.8093078919469551
2,random_split,20,5,3904,977,0.3725690890481064,0.8300921187308086,0.3101330603889457,0.8093078919469551
2,random_split,20,6,3904,977,0.37154554759467756,0.8239508700102354,0.3132036847492323,0.8093078919469551
2,random_split,20,7,3904,977,0.36438075742067555,0.8004094165813715,0.3091095189355169,0.8093078919469551
2,random_split,20,8,3904,977,0.37154554759467756,0.8362333674513818,0.2917093142272262,0.8093078919469551
2,random_split,20,9,3904,977,0.3797338792221085,0.8147389969293757,0.3111566018423746,0.8093078919469551
2,random_split,20,10,3904,977,0.3858751279426817,0.8259979529170931,0.3367451381780962,0.8093078919469551
2,random_split,20,11,3904,977,0.37871033776867963,0.8157625383828045,0.2937563971340839,0.8093078919469551
2,random_split,20,12,3904,977,0.368474923234391,0.8188331627430911,0.3132036847492323,0.8093078919469551
2,random_split,20,13,3904,977,0.3561924257932446,0.8249744114636642,0.34800409416581374,0.8093078919469551
2,random_split,20,14,3904,977,0.3735926305015353,0.8208802456499488,0.3162743091095189,0.8093078919469551
2,random_split,20,15,3904,977,0.37563971340839303,0.8208802456499488,0.31218014329580346,0.8093078919469551
2,random_split,20,16,3904,977,0.3797338792221085,0.8280450358239508,0.3060388945752303,0.8093078919469551
2,random_split,20,17,3904,977,0.3735926305015353,0.8167860798362334,0.2968270214943705,0.8093078919469551
2,random_split,20,18,3904,977,0.368474923234391,0.8137154554759468,0.33162743091095187,0.8093078919469551
2,random_split,20,19,3904,977,0.38485158648925283,0.8382804503582395,0.32139201637666326,0.8093078919469551
2,chronological,20,0,3904,977,0.40429887410440124,0.40429887410440124,0.3336745138178096,0.8093078919469551
2,purged_embargoed,20,0,3785,957,0.400208986415883,0.27063740856844304,0.33646812957157785,0.8093078919469551
3,random_split,5,0,3916,980,0.5408163265306123,0.6969387755102041,0.39591836734693875,0.689601994186341
3,random_split,5,1,3916,980,0.5081632653061224,0.6724489795918367,0.4061224489795918,0.689601994186341
3,random_split,5,2,3916,980,0.5173469387755102,0.6846938775510204,0.3979591836734694,0.689601994186341
3,random_split,5,3,3916,980,0.5377551020408163,0.6663265306122449,0.4061224489795918,0.689601994186341
3,random_split,5,4,3916,980,0.5571428571428572,0.6857142857142857,0.42346938775510207,0.689601994186341
3,random_split,5,5,3916,980,0.5520408163265306,0.6642857142857143,0.44387755102040816,0.689601994186341
3,random_split,5,6,3916,980,0.5316326530612245,0.6795918367346939,0.39183673469387753,0.689601994186341
3,random_split,5,7,3916,980,0.5346938775510204,0.6795918367346939,0.4051020408163265,0.689601994186341
3,random_split,5,8,3916,980,0.5224489795918368,0.6816326530612244,0.39285714285714285,0.689601994186341
3,random_split,5,9,3916,980,0.5714285714285714,0.6785714285714286,0.41020408163265304,0.689601994186341
3,random_split,5,10,3916,980,0.5438775510204081,0.6755102040816326,0.386734693877551,0.689601994186341
3,random_split,5,11,3916,980,0.5530612244897959,0.6744897959183673,0.42346938775510207,0.689601994186341
3,random_split,5,12,3916,980,0.55,0.6744897959183673,0.3979591836734694,0.689601994186341
3,random_split,5,13,3916,980,0.5306122448979592,0.6908163265306122,0.4030612244897959,0.689601994186341
3,random_split,5,14,3916,980,0.5316326530612245,0.6673469387755102,0.39591836734693875,0.689601994186341
3,random_split,5,15,3916,980,0.5387755102040817,0.6795918367346939,0.39285714285714285,0.689601994186341
3,random_split,5,16,3916,980,0.5255102040816326,0.6846938775510204,0.39285714285714285,0.689601994186341
3,random_split,5,17,3916,980,0.5612244897959183,0.686734693877551,0.39081632653061227,0.689601994186341
3,random_split,5,18,3916,980,0.5387755102040817,0.6724489795918367,0.39591836734693875,0.689601994186341
3,random_split,5,19,3916,980,0.5653061224489796,0.7010204081632653,0.4030612244897959,0.689601994186341
3,chronological,5,0,3916,980,0.5448979591836735,0.23877551020408164,0.4153061224489796,0.689601994186341
3,purged_embargoed,5,0,3812,975,0.5456410256410257,0.5456410256410257,0.40923076923076923,0.689601994186341
3,random_split,10,0,3912,979,0.4014300306435138,0.7558733401430031,0.338100102145046,0.7478695885761109
3,random_split,10,1,3912,979,0.3748723186925434,0.7497446373850868,0.36567926455566907,0.7478695885761109
3,random_split,10,2,3912,979,0.40960163432073543,0.7313585291113381,0.34933605720122574,0.7478695885761109
3,random_split,10,3,3912,979,0.39632277834525026,0.7446373850868233,0.34831460674157305,0.7478695885761109
3,random_split,10,4,3912,979,0.40858018386108275,0.7538304392236976,0.3411644535240041,0.7478695885761109
3,random_split,10,5,3912,979,0.39427987742594484,0.7599591419816139,0.36670071501532175,0.7478695885761109
3,random_split,10,6,3912,979,0.40551583248212464,0.7783452502553626,0.34627170582226763,0.7478695885761109
3,random_split,10,7,3912,979,0.36363636363636365,0.7650663942798774,0.35240040858018384,0.7478695885761109
3,random_split,10,8,3912,979,0.38508682328907046,0.7293156281920327,0.3534218590398366,0.7478695885761109
3,random_split,10,9,3912,979,0.39325842696629215,0.7293156281920327,0.3595505617977528,0.7478695885761109
3,random_split,10,10,3912,979,0.4044943820224719,0.7558733401430031,0.37589376915219613,0.7478695885761109
3,random_split,10,11,3912,979,0.4004085801838611,0.7671092951991828,0.3595505617977528,0.7478695885761109
3,random_split,10,12,3912,979,0.3922369765066394,0.7589376915219612,0.34831460674157305,0.7478695885761109
3,random_split,10,13,3912,979,0.3983656792645557,0.7783452502553626,0.36976506639427986,0.7478695885761109
3,random_split,10,14,3912,979,0.38100102145045966,0.7466802860061287,0.3575076608784474,0.7478695885761109
3,random_split,10,15,3912,979,0.3983656792645557,0.72829417773238,0.33707865168539325,0.7478695885761109
3,random_split,10,16,3912,979,0.37589376915219613,0.7517875383043923,0.34933605720122574,0.7478695885761109
3,random_split,10,17,3912,979,0.4198161389172625,0.7579162410623085,0.36057201225740554,0.7478695885761109
3,random_split,10,18,3912,979,0.39734422880490294,0.7517875383043923,0.3503575076608784,0.7478695885761109
3,random_split,10,19,3912,979,0.41062308478038817,0.7487231869254342,0.3687436159346272,0.7478695885761109
3,chronological,10,0,3912,979,0.42083758937691523,0.3003064351378958,0.3748723186925434,0.7478695885761109
3,purged_embargoed,10,0,3803,969,0.42518059855521156,0.28173374613003094,0.38080495356037153,0.7478695885761109
3,random_split,20,0,3904,977,0.36131013306038895,0.8014329580348004,0.345957011258956,0.8093078919469551
3,random_split,20,1,3904,977,0.3654042988741044,0.8065506653019447,0.3705220061412487,0.8093078919469551
3,random_split,20,2,3904,977,0.37768679631525076,0.8034800409416581,0.34800409416581374,0.8093078919469551
3,random_split,20,3,3904,977,0.36745138178096215,0.81985670419652,0.3398157625383828,0.8093078919469551
3,random_split,20,4,3904,977,0.3561924257932446,0.7830092118730808,0.345957011258956,0.8093078919469551
3,random_split,20,5,3904,977,0.3561924257932446,0.7860798362333674,0.32446264073694986,0.8093078919469551
3,random_split,20,6,3904,977,0.3500511770726714,0.8055271238485159,0.3224155578300921,0.8093078919469551
3,random_split,20,7,3904,977,0.3694984646878199,0.8024564994882293,0.3592630501535312,0.8093078919469551
3,random_split,20,8,3904,977,0.3602865916069601,0.7963152507676561,0.35209825997952915,0.8093078919469551
3,random_split,20,9,3904,977,0.34800409416581374,0.7901740020470829,0.3132036847492323,0.8093078919469551
3,random_split,20,10,3904,977,0.3490276356192426,0.797338792221085,0.345957011258956,0.8093078919469551
3,random_split,20,11,3904,977,0.33879222108495394,0.804503582395087,0.3367451381780962,0.8093078919469551
3,random_split,20,12,3904,977,0.3592630501535312,0.8024564994882293,0.34186284544524054,0.8093078919469551
3,random_split,20,13,3904,977,0.3705220061412487,0.7881269191402251,0.345957011258956,0.8093078919469551
3,random_split,20,14,3904,977,0.3654042988741044,0.8096212896622313,0.36745138178096215,0.8093078919469551
3,random_split,20,15,3904,977,0.345957011258956,0.7901740020470829,0.3254861821903787,0.8093078919469551
3,random_split,20,16,3904,977,0.34083930399181167,0.7922210849539406,0.34800409416581374,0.8093078919469551
3,random_split,20,17,3904,977,0.3633572159672467,0.8085977482088025,0.3285568065506653,0.8093078919469551
3,random_split,20,18,3904,977,0.3541453428863869,0.7932446264073695,0.3162743091095189,0.8093078919469551
3,random_split,20,19,3904,977,0.3602865916069601,0.8157625383828045,0.3541453428863869,0.8093078919469551
3,chronological,20,0,3904,977,0.3654042988741044,0.3654042988741044,0.3828045035823951,0.8093078919469551
3,purged_embargoed,20,0,3785,957,0.35214211076280044,0.33019853709508884,0.39080459770114945,0.8093078919469551
4,random_split,5,0,3916,980,0.5428571428571428,0.673469387755102,0.4142857142857143,0.689601994186341
4,random_split,5,1,3916,980,0.5551020408163265,0.6908163265306122,0.4316326530612245,0.689601994186341
4,random_split,5,2,3916,980,0.5479591836734694,0.6857142857142857,0.4173469387755102,0.689601994186341
4,random_split,5,3,3916,980,0.5336734693877551,0.6785714285714286,0.40714285714285714,0.689601994186341
4,random_split,5,4,3916,980,0.5316326530612245,0.6938775510204082,0.3979591836734694,0.689601994186341
4,random_split,5,5,3916,980,0.5306122448979592,0.6826530612244898,0.4163265306122449,0.689601994186341
4,random_split,5,6,3916,980,0.5428571428571428,0.6836734693877551,0.40408163265306124,0.689601994186341
4,random_split,5,7,3916,980,0.5479591836734694,0.710204081632653,0.40408163265306124,0.689601994186341
4,random_split,5,8,3916,980,0.5448979591836735,0.6887755102040817,0.41836734693877553,0.689601994186341
4,random_split,5,9,3916,980,0.5581632653061225,0.6836734693877551,0.4275510204081633,0.689601994186341
4,random_split,5,10,3916,980,0.5561224489795918,0.689795918367347,0.4142857142857143,0.689601994186341
4,random_split,5,11,3916,980,0.5673469387755102,0.6979591836734694,0.4091836734693878,0.689601994186341
4,random_split,5,12,3916,980,0.5530612244897959,0.7153061224489796,0.41836734693877553,0.689601994186341
4,random_split,5,13,3916,980,0.539795918367347,0.6887755102040817,0.3846938775510204,0.689601994186341
4,random_split,5,14,3916,980,0.5744897959183674,0.689795918367347,0.4316326530612245,0.689601994186341
4,random_split,5,15,3916,980,0.5581632653061225,0.6642857142857143,0.4142857142857143,0.689601994186341
4,random_split,5,16,3916,980,0.5693877551020409,0.6816326530612244,0.4061224489795918,0.689601994186341
4,random_split,5,17,3916,980,0.5520408163265306,0.6826530612244898,0.42346938775510207,0.689601994186341
4,random_split,5,18,3916,980,0.5408163265306123,0.6908163265306122,0.4020408163265306,0.689601994186341
4,random_split,5,19,3916,980,0.536734693877551,0.6826530612244898,0.3989795918367347,0.689601994186341
4,chronological,5,0,3916,980,0.5418367346938775,0.5418367346938775,0.4061224489795918,0.689601994186341
4,purged_embargoed,5,0,3812,975,0.5394871794871795,0.5394871794871795,0.40205128205128204,0.689601994186341
4,random_split,10,0,3912,979,0.4065372829417773,0.7344228804902962,0.3472931562819203,0.7478695885761109
4,random_split,10,1,3912,979,0.3891726251276813,0.7303370786516854,0.3299284984678243,0.7478695885761109
4,random_split,10,2,3912,979,0.3871297242083759,0.7660878447395302,0.338100102145046,0.7478695885761109
4,random_split,10,3,3912,979,0.39632277834525026,0.7579162410623085,0.3258426966292135,0.7478695885761109
4,random_split,10,4,3912,979,0.4044943820224719,0.7589376915219612,0.3503575076608784,0.7478695885761109
4,random_split,10,5,3912,979,0.3891726251276813,0.7558733401430031,0.3626149131767109,0.7478695885761109
4,random_split,10,6,3912,979,0.38100102145045966,0.7538304392236976,0.3319713993871297,0.7478695885761109
4,random_split,10,7,3912,979,0.39632277834525026,0.7517875383043923,0.34627170582226763,0.7478695885761109
4,random_split,10,8,3912,979,0.3830439223697651,0.7558733401430031,0.3268641470888662,0.7478695885761109
4,random_split,10,9,3912,979,0.3922369765066394,0.7354443309499489,0.3452502553626149,0.7478695885761109
4,random_split,10,10,3912,979,0.3830439223697651,0.7620020429009193,0.33299284984678246,0.7478695885761109
4,random_split,10,11,3912,979,0.37793667007150156,0.7487231869254342,0.3350357507660878,0.7478695885761109
4,random_split,10,12,3912,979,0.39427987742594484,0.7364657814096016,0.3575076608784474,0.7478695885761109
4,random_split,10,13,3912,979,0.36772216547497444,0.7568947906026557,0.29213483146067415,0.7478695885761109
4,random_split,10,14,3912,979,0.3983656792645557,0.7344228804902962,0.3319713993871297,0.7478695885761109
4,random_split,10,15,3912,979,0.40858018386108275,0.7262512768130746,0.3421859039836568,0.7478695885761109
4,random_split,10,16,3912,979,0.40960163432073543,0.7425944841675178,0.34627170582226763,0.7478695885761109
4,random_split,10,17,3912,979,0.40858018386108275,0.7528089887640449,0.34627170582226763,0.7478695885761109
4,random_split,10,18,3912,979,0.39938712972420837,0.7507660878447395,0.3268641470888662,0.7478695885761109
4,random_split,10,19,3912,979,0.4004085801838611,0.7385086823289071,0.338100102145046,0.7478695885761109
4,chronological,10,0,3912,979,0.4136874361593463,0.4136874361593463,0.35444330949948927,0.7478695885761109
4,purged_embargoed,10,0,3803,969,0.4148606811145511,0.3508771929824561,0.3539731682146543,0.7478695885761109
4,random_split,20,0,3904,977,0.38382804503582396,0.804503582395087,0.3510747185261003,0.8093078919469551
4,random_split,20,1,3904,977,0.3797338792221085,0.827021494370522,0.3254861821903787,0.8093078919469551
4,random_split,20,2,3904,977,0.3828045035823951,0.8075742067553736,0.35516888433981575,0.8093078919469551
4,random_split,20,3,3904,977,0.368474923234391,0.8106448311156602,0.3336745138178096,0.8093078919469551
4,random_split,20,4,3904,977,0.3889457523029683,0.8300921187308086,0.3336745138178096,0.8093078919469551
4,random_split,20,5,3904,977,0.3889457523029683,0.8382804503582395,0.3265097236438076,0.8093078919469551
4,random_split,20,6,3904,977,0.3971340839303992,0.8393039918116684,0.34186284544524054,0.8093078919469551
4,random_split,20,7,3904,977,0.38792221084953943,0.8157625383828045,0.36131013306038895,0.8093078919469551
4,random_split,20,8,3904,977,0.3858751279426817,0.804503582395087,0.3592630501535312,0.8093078919469551
4,random_split,20,9,3904,977,0.3858751279426817,0.8085977482088025,0.34800409416581374,0.8093078919469551
4,random_split,20,10,3904,977,0.40122824974411464,0.8147389969293757,0.3295803480040942,0.8093078919469551
4,random_split,20,11,3904,977,0.3766632548618219,0.8362333674513818,0.32446264073694986,0.8093078919469551
4,random_split,20,12,3904,977,0.39815762538382804,0.8290685772773797,0.353121801432958,0.8093078919469551
4,random_split,20,13,3904,977,0.38075742067553736,0.8321392016376663,0.35516888433981575,0.8093078919469551
4,random_split,20,14,3904,977,0.38382804503582396,0.8433981576253838,0.353121801432958,0.8093078919469551
4,random_split,20,15,3904,977,0.3889457523029683,0.8004094165813715,0.35209825997952915,0.8093078919469551
4,random_split,20,16,3904,977,0.3725690890481064,0.81985670419652,0.34186284544524054,0.8093078919469551
4,random_split,20,17,3904,977,0.3664278403275333,0.8137154554759468,0.3398157625383828,0.8093078919469551
4,random_split,20,18,3904,977,0.38485158648925283,0.8167860798362334,0.3367451381780962,0.8093078919469551
4,random_split,20,19,3904,977,0.3664278403275333,0.8321392016376663,0.37768679631525076,0.8093078919469551
4,chronological,20,0,3904,977,0.4329580348004094,0.26509723643807576,0.3172978505629478,0.8093078919469551
4,purged_embargoed,20,0,3785,957,0.44200626959247646,0.25287356321839083,0.3207941483803553,0.8093078919469551
42,random_split,5,0,3916,980,0.49489795918367346,0.6775510204081633,0.4153061224489796,0.689601994186341
42,random_split,5,1,3916,980,0.5540816326530612,0.6744897959183673,0.39591836734693875,0.689601994186341
42,random_split,5,2,3916,980,0.5163265306122449,0.7040816326530612,0.4122448979591837,0.689601994186341
42,random_split,5,3,3916,980,0.5265306122448979,0.7,0.4,0.689601994186341
42,random_split,5,4,3916,980,0.5295918367346939,0.6979591836734694,0.40408163265306124,0.689601994186341
42,random_split,5,5,3916,980,0.539795918367347,0.6948979591836735,0.42346938775510207,0.689601994186341
42,random_split,5,6,3916,980,0.5224489795918368,0.7030612244897959,0.4051020408163265,0.689601994186341
42,random_split,5,7,3916,980,0.5163265306122449,0.686734693877551,0.40816326530612246,0.689601994186341
42,random_split,5,8,3916,980,0.5520408163265306,0.7,0.4346938775510204,0.689601994186341
42,random_split,5,9,3916,980,0.5295918367346939,0.6969387755102041,0.41122448979591836,0.689601994186341
42,random_split,5,10,3916,980,0.5357142857142857,0.6816326530612244,0.4122448979591837,0.689601994186341
42,random_split,5,11,3916,980,0.5102040816326531,0.6979591836734694,0.4142857142857143,0.689601994186341
42,random_split,5,12,3916,980,0.539795918367347,0.6948979591836735,0.4173469387755102,0.689601994186341
42,random_split,5,13,3916,980,0.5244897959183673,0.6969387755102041,0.38979591836734695,0.689601994186341
42,random_split,5,14,3916,980,0.5295918367346939,0.6959183673469388,0.4193877551020408,0.689601994186341
42,random_split,5,15,3916,980,0.5448979591836735,0.6602040816326531,0.4173469387755102,0.689601994186341
42,random_split,5,16,3916,980,0.5438775510204081,0.7020408163265306,0.41020408163265304,0.689601994186341
42,random_split,5,17,3916,980,0.5438775510204081,0.7163265306122449,0.4326530612244898,0.689601994186341
42,random_split,5,18,3916,980,0.5469387755102041,0.6591836734693878,0.4193877551020408,0.689601994186341
42,random_split,5,19,3916,980,0.5479591836734694,0.7051020408163265,0.4479591836734694,0.689601994186341
42,chronological,5,0,3916,980,0.5744897959183674,0.19285714285714287,0.4326530612244898,0.689601994186341
42,purged_embargoed,5,0,3812,975,0.5753846153846154,0.5753846153846154,0.4307692307692308,0.689601994186341
42,random_split,10,0,3912,979,0.3564862104187947,0.7528089887640449,0.3564862104187947,0.7478695885761109
42,random_split,10,1,3912,979,0.37895812053115424,0.7660878447395302,0.34933605720122574,0.7478695885761109
42,random_split,10,2,3912,979,0.3687436159346272,0.7528089887640449,0.3564862104187947,0.7478695885761109
42,random_split,10,3,3912,979,0.4065372829417773,0.7538304392236976,0.3769152196118488,0.7478695885761109
42,random_split,10,4,3912,979,0.3595505617977528,0.7538304392236976,0.37589376915219613,0.7478695885761109
42,random_split,10,5,3912,979,0.4034729315628192,0.7609805924412666,0.36567926455566907,0.7478695885761109
42,random_split,10,6,3912,979,0.38202247191011235,0.7405515832482125,0.372829417773238,0.7478695885761109
42,random_split,10,7,3912,979,0.4136874361593463,0.7477017364657814,0.36567926455566907,0.7478695885761109
42,random_split,10,8,3912,979,0.4014300306435138,0.7374872318692544,0.3922369765066394,0.7478695885761109
42,random_split,10,9,3912,979,0.4034729315628192,0.7640449438202247,0.3176710929519918,0.7478695885761109
42,random_split,10,10,3912,979,0.40551583248212464,0.7620020429009193,0.38202247191011235,0.7478695885761109
42,random_split,10,11,3912,979,0.39734422880490294,0.7466802860061287,0.3840653728294178,0.7478695885761109
42,random_split,10,12,3912,979,0.372829417773238,0.7446373850868233,0.3687436159346272,0.7478695885761109
42,random_split,10,13,3912,979,0.36976506639427986,0.7497446373850868,0.3707865168539326,0.7478695885761109
42,random_split,10,14,3912,979,0.4034729315628192,0.7538304392236976,0.3769152196118488,0.7478695885761109
42,random_split,10,15,3912,979,0.39938712972420837,0.7405515832482125,0.3534218590398366,0.7478695885761109
42,random_split,10,16,3912,979,0.39938712972420837,0.7589376915219612,0.37589376915219613,0.7478695885761109
42,random_split,10,17,3912,979,0.37589376915219613,0.7405515832482125,0.36772216547497444,0.7478695885761109
42,random_split,10,18,3912,979,0.37793667007150156,0.7436159346271706,0.35240040858018384,0.7478695885761109
42,random_split,10,19,3912,979,0.40858018386108275,0.7548518896833504,0.36772216547497444,0.7478695885761109
42,chronological,10,0,3912,979,0.4484167517875383,0.25025536261491316,0.3503575076608784,0.7478695885761109
42,purged_embargoed,10,0,3803,969,0.45098039215686275,0.29927760577915374,0.3508771929824561,0.7478695885761109
42,random_split,20,0,3904,977,0.39815762538382804,0.8137154554759468,0.3572159672466735,0.8093078919469551
42,random_split,20,1,3904,977,0.42681678607983625,0.8157625383828045,0.4032753326509724,0.8093078919469551
42,random_split,20,2,3904,977,0.406345957011259,0.7963152507676561,0.3602865916069601,0.8093078919469551
42,random_split,20,3,3904,977,0.40429887410440124,0.8085977482088025,0.3735926305015353,0.8093078919469551
42,random_split,20,4,3904,977,0.4155578300921187,0.827021494370522,0.37461617195496416,0.8093078919469551
42,random_split,20,5,3904,977,0.406345957011259,0.8178096212896623,0.3510747185261003,0.8093078919469551
42,random_split,20,6,3904,977,0.390992835209826,0.8239508700102354,0.33469805527123847,0.8093078919469551
42,random_split,20,7,3904,977,0.38178096212896623,0.812691914022518,0.34390992835209827,0.8093078919469551
42,random_split,20,8,3904,977,0.4196519959058342,0.8055271238485159,0.36438075742067555,0.8093078919469551
42,random_split,20,9,3904,977,0.40429887410440124,0.7952917093142272,0.3428863868986694,0.8093078919469551
42,random_split,20,10,3904,977,0.3889457523029683,0.8055271238485159,0.37461617195496416,0.8093078919469551
42,random_split,20,11,3904,977,0.40736949846468784,0.8249744114636642,0.368474923234391,0.8093078919469551
42,random_split,20,12,3904,977,0.39201637666325484,0.8137154554759468,0.345957011258956,0.8093078919469551
42,random_split,20,13,3904,977,0.4155578300921187,0.7830092118730808,0.345957011258956,0.8093078919469551
42,random_split,20,14,3904,977,0.40736949846468784,0.8147389969293757,0.35823950870010235,0.8093078919469551
42,random_split,20,15,3904,977,0.39508700102354144,0.8034800409416581,0.35516888433981575,0.8093078919469551
42,random_split,20,16,3904,977,0.40736949846468784,0.804503582395087,0.36745138178096215,0.8093078919469551
42,random_split,20,17,3904,977,0.4104401228249744,0.8352098259979529,0.35823950870010235,0.8093078919469551
42,random_split,20,18,3904,977,0.4124872057318321,0.804503582395087,0.33572159672466734,0.8093078919469551
42,random_split,20,19,3904,977,0.38792221084953943,0.789150460593654,0.38178096212896623,0.8093078919469551
42,chronological,20,0,3904,977,0.4022517911975435,0.2773797338792221,0.368474923234391,0.8093078919469551
42,purged_embargoed,20,0,3785,957,0.4012539184952978,0.4012539184952978,0.36990595611285265,0.8093078919469551
